FIPS,State,County,Active Cases Last Week,Active Cases,Percent Change,Population,Active Cases per Million,Status,Status_num,Full Name
09005,Connecticut,Litchfield,40.21495215528,33.26226114839999,-17.3%,180333.0,184,<400 Active Cases per Million,1,"Litchfield, Connecticut"
09007,Connecticut,Middlesex,65.43212103647998,35.733540589200004,-45.4%,162436.0,220,<400 Active Cases per Million,1,"Middlesex, Connecticut"
09011,Connecticut,New London,97.93568336016,43.558132800959996,-55.5%,265206.0,164,<400 Active Cases per Million,1,"New London, Connecticut"
09013,Connecticut,Tolland,30.827814203279992,3.8405150939999984,-87.5%,150721.0,25,<400 Active Cases per Million,1,"Tolland, Connecticut"
09015,Connecticut,Windham,44.60105841960001,33.8960026176,-24.0%,116782.0,290,<400 Active Cases per Million,1,"Windham, Connecticut"
23001,Maine,Androscoggin,28.85614732728,24.21093466224,-16.1%,108277.0,224,<400 Active Cases per Million,1,"Androscoggin, Maine"
23003,Maine,Aroostook,3.3776323228800003,14.580631535279998,+331.7%*,67055.0,217,<400 Active Cases per Million,1,"Aroostook, Maine"
23007,Maine,Franklin,0.66408845208,7.10321992152,+969.6%*,30199.0,235,<400 Active Cases per Million,1,"Franklin, Maine"
23009,Maine,Hancock,3.7677662371199996,1.2035705361599998,-68.1%*,54987.0,22,<400 Active Cases per Million,1,"Hancock, Maine"
23011,Maine,Kennebec,3.1944396391200005,15.866747542799997,+396.7%*,122302.0,130,<400 Active Cases per Million,1,"Kennebec, Maine"
23013,Maine,Knox,0.39320207951999997,0.10385000831999999,-73.6%*,39772.0,3,<400 Active Cases per Million,1,"Knox, Maine"
23015,Maine,Lincoln,4.58810481384,7.70878112424,+68.0%*,34634.0,223,<400 Active Cases per Million,1,"Lincoln, Maine"
23017,Maine,Oxford,12.6434736396,3.65021758848,-71.1%*,57975.0,63,<400 Active Cases per Million,1,"Oxford, Maine"
23019,Maine,Penobscot,18.32579654568,22.553440306800002,+23.1%*,152148.0,148,<400 Active Cases per Million,1,"Penobscot, Maine"
23021,Maine,Piscataquis,0.0,0.0,N/A,16785.0,0,<400 Active Cases per Million,1,"Piscataquis, Maine"
23023,Maine,Sagadahoc,0.22338652367999992,8.37936394248,+3651.1%*,35856.0,234,<400 Active Cases per Million,1,"Sagadahoc, Maine"
23025,Maine,Somerset,2.30309958384,1.51633902384,-34.2%*,50484.0,30,<400 Active Cases per Million,1,"Somerset, Maine"
23027,Maine,Waldo,5.139279866879999,1.8156780192,-64.7%*,39715.0,46,<400 Active Cases per Million,1,"Waldo, Maine"
23029,Maine,Washington,2.2181673559199995,2.38496096208,+7.5%*,31379.0,76,<400 Active Cases per Million,1,"Washington, Maine"
23031,Maine,York,72.25608385104,59.19731179992,-18.1%,207641.0,285,<400 Active Cases per Million,1,"York, Maine"
25003,Massachusetts,Berkshire,22.31841247128,30.692203786799997,+37.5%*,124944.0,246,<400 Active Cases per Million,1,"Berkshire, Massachusetts"
25007,Massachusetts,Dukes,0.0,0.0,N/A,17332.0,0,<400 Active Cases per Million,1,"Dukes, Massachusetts"
25011,Massachusetts,Franklin,20.049659680079998,13.89439983024,-30.7%*,70180.0,198,<400 Active Cases per Million,1,"Franklin, Massachusetts"
25019,Massachusetts,Nantucket,0.0,0.0,N/A,11399.0,0,<400 Active Cases per Million,1,"Nantucket, Massachusetts"
33001,New Hampshire,Belknap,19.75021782264,13.239578929199997,-33.0%*,61303.0,216,<400 Active Cases per Million,1,"Belknap, New Hampshire"
33005,New Hampshire,Cheshire,12.349100959199998,5.944002600479999,-51.9%*,76085.0,78,<400 Active Cases per Million,1,"Cheshire, New Hampshire"
33007,New Hampshire,Coos,4.43491819272,6.37272002568,+43.7%*,31563.0,202,<400 Active Cases per Million,1,"Coos, New Hampshire"
33009,New Hampshire,Grafton,18.67377672,7.373070606959998,-60.5%*,89886.0,82,<400 Active Cases per Million,1,"Grafton, New Hampshire"
33013,New Hampshire,Merrimack,32.33518284552,28.205939753040003,-12.8%,151391.0,186,<400 Active Cases per Million,1,"Merrimack, New Hampshire"
33015,New Hampshire,Rockingham,87.46621338407998,84.10872806015999,-3.8%,309769.0,272,<400 Active Cases per Million,1,"Rockingham, New Hampshire"
33017,New Hampshire,Strafford,23.02701910632,15.716480152799997,-31.7%*,130633.0,120,<400 Active Cases per Million,1,"Strafford, New Hampshire"
33019,New Hampshire,Sullivan,6.0766935516,3.7078896333599998,-39.0%*,43146.0,86,<400 Active Cases per Million,1,"Sullivan, New Hampshire"
34017,New Jersey,Hudson,449.10154549535997,258.9700607831999,-42.3%,672391.0,385,<400 Active Cases per Million,1,"Hudson, New Jersey"
34019,New Jersey,Hunterdon,21.353996074080005,13.823369557199998,-35.3%*,124371.0,111,<400 Active Cases per Million,1,"Hunterdon, New Jersey"
34037,New Jersey,Sussex,55.4428032372,55.71617291927999,+0.5%,140488.0,397,<400 Active Cases per Million,1,"Sussex, New Jersey"
34039,New Jersey,Union,256.22252684352003,215.86,-15.7%,556341.0,388,<400 Active Cases per Million,1,"Union, New Jersey"
36003,New York,Allegany,14.191058114879999,8.553830247119999,-39.7%*,46091.0,186,<400 Active Cases per Million,1,"Allegany, New York"
36009,New York,Cattaraugus,24.840632094479997,18.893457668639996,-23.9%*,76117.0,248,<400 Active Cases per Million,1,"Cattaraugus, New York"
36011,New York,Cayuga,13.479627282719997,18.722982563279995,+38.9%*,76576.0,245,<400 Active Cases per Million,1,"Cayuga, New York"
36015,New York,Chemung,10.683293832719999,14.86211640048,+39.1%*,83456.0,178,<400 Active Cases per Million,1,"Chemung, New York"
36019,New York,Clinton,12.242858228160001,9.58363430832,-21.7%*,80485.0,119,<400 Active Cases per Million,1,"Clinton, New York"
36021,New York,Columbia,23.559553340880004,22.680154884000007,-3.7%*,59461.0,381,<400 Active Cases per Million,1,"Columbia, New York"
36025,New York,Delaware,1.7700615024000002,6.7954694159999995,+283.9%*,44135.0,154,<400 Active Cases per Million,1,"Delaware, New York"
36031,New York,Essex,5.66084257344,8.558345508479999,+51.2%*,36885.0,232,<400 Active Cases per Million,1,"Essex, New York"
36033,New York,Franklin,10.137939161759997,10.523950229759999,+3.8%*,50022.0,210,<400 Active Cases per Million,1,"Franklin, New York"
36035,New York,Fulton,10.398584434079998,7.2887138263199995,-29.9%*,53383.0,137,<400 Active Cases per Million,1,"Fulton, New York"
36037,New York,Genesee,23.707173609119998,19.19102187432,-19.0%*,57280.0,335,<400 Active Cases per Million,1,"Genesee, New York"
36039,New York,Greene,17.39422475496,10.450067651519998,-39.9%*,47188.0,221,<400 Active Cases per Million,1,"Greene, New York"
36041,New York,Hamilton,0.0,0.0,N/A,4416.0,0,<400 Active Cases per Million,1,"Hamilton, New York"
36049,New York,Lewis,3.6797113166399997,5.230254639119999,+42.1%*,26296.0,199,<400 Active Cases per Million,1,"Lewis, New York"
36051,New York,Livingston,32.31285056208,24.625790400960003,-23.8%,62914.0,391,<400 Active Cases per Million,1,"Livingston, New York"
36053,New York,Madison,23.012295054240003,26.42553577248,+14.8%*,70941.0,373,<400 Active Cases per Million,1,"Madison, New York"
36073,New York,Orleans,7.545810175679999,2.3776839760799997,-68.5%*,40352.0,59,<400 Active Cases per Million,1,"Orleans, New York"
36075,New York,Oswego,37.907627654639995,26.678462962559998,-29.6%,117124.0,228,<400 Active Cases per Million,1,"Oswego, New York"
36077,New York,Otsego,12.05227379568,22.322973977520004,+85.2%*,59493.0,375,<400 Active Cases per Million,1,"Otsego, New York"
36089,New York,St. Lawrence,24.646957306080004,39.72017538,+61.2%*,107740.0,369,<400 Active Cases per Million,1,"St. Lawrence, New York"
36095,New York,Schoharie,4.0746983306399995,10.210287114,+150.6%*,30999.0,329,<400 Active Cases per Million,1,"Schoharie, New York"
36099,New York,Seneca,9.53648147472,9.351542733119999,-1.9%*,34016.0,275,<400 Active Cases per Million,1,"Seneca, New York"
36101,New York,Steuben,17.079575196239997,15.330327579359999,-10.2%*,95379.0,161,<400 Active Cases per Million,1,"Steuben, New York"
36105,New York,Sullivan,22.28246633376001,18.39971257992,-17.4%*,75432.0,244,<400 Active Cases per Million,1,"Sullivan, New York"
36113,New York,Warren,28.97512199376,20.27788339056,-30.0%,63944.0,317,<400 Active Cases per Million,1,"Warren, New York"
36115,New York,Washington,5.3626237329599995,6.491109574559999,+21.0%*,61204.0,106,<400 Active Cases per Million,1,"Washington, New York"
36121,New York,Wyoming,9.70364819976,13.217919195599999,+36.2%*,39859.0,332,<400 Active Cases per Million,1,"Wyoming, New York"
36123,New York,Yates,5.892241566239999,3.34206581568,-43.3%*,24913.0,134,<400 Active Cases per Million,1,"Yates, New York"
39013,Ohio,Belmont,48.66490822464,22.51099062552,-53.7%,67006.0,336,<400 Active Cases per Million,1,"Belmont, Ohio"
39067,Ohio,Harrison,8.493422211599999,1.8560201308800004,-78.1%*,15040.0,123,<400 Active Cases per Million,1,"Harrison, Ohio"
39111,Ohio,Monroe,1.9799084109599998,0.5643732561599999,-71.5%*,13654.0,41,<400 Active Cases per Million,1,"Monroe, Ohio"
39121,Ohio,Noble,4.578025942079999,4.33274246976,-5.4%*,14424.0,300,<400 Active Cases per Million,1,"Noble, Ohio"
39163,Ohio,Vinton,3.51544475496,5.15125273056,+46.5%*,13085.0,394,<400 Active Cases per Million,1,"Vinton, Ohio"
42015,Pennsylvania,Bradford,7.2540225626399994,22.03425422688,+203.8%*,60323.0,365,<400 Active Cases per Million,1,"Bradford, Pennsylvania"
42023,Pennsylvania,Cameron,2.9010894220799996,1.1009366798399998,-62.1%*,4447.0,248,<400 Active Cases per Million,1,"Cameron, Pennsylvania"
42053,Pennsylvania,Forest,0.0,0.0,N/A,7247.0,0,<400 Active Cases per Million,1,"Forest, Pennsylvania"
42057,Pennsylvania,Fulton,1.1086880399999999,2.74302958968,+147.4%*,14530.0,189,<400 Active Cases per Million,1,"Fulton, Pennsylvania"
42065,Pennsylvania,Jefferson,19.29570563472,17.31758265936,-10.3%*,43425.0,399,<400 Active Cases per Million,1,"Jefferson, Pennsylvania"
42083,Pennsylvania,McKean,1.695868494,9.505044519839998,+460.5%*,40625.0,234,<400 Active Cases per Million,1,"McKean, Pennsylvania"
42099,Pennsylvania,Perry,15.446513986319998,16.85037192936,+9.1%*,46272.0,364,<400 Active Cases per Million,1,"Perry, Pennsylvania"
42103,Pennsylvania,Pike,15.936311285999999,20.345082731520005,+27.7%*,55809.0,365,<400 Active Cases per Million,1,"Pike, Pennsylvania"
42105,Pennsylvania,Potter,4.60526554584,3.9357863124,-14.5%*,16526.0,238,<400 Active Cases per Million,1,"Potter, Pennsylvania"
42113,Pennsylvania,Sullivan,2.58044552328,0.7654515921599999,-70.3%*,6066.0,126,<400 Active Cases per Million,1,"Sullivan, Pennsylvania"
42117,Pennsylvania,Tioga,11.087459748239997,6.1957384715999995,-44.1%*,40591.0,153,<400 Active Cases per Million,1,"Tioga, Pennsylvania"
42123,Pennsylvania,Warren,6.9218133708,7.590267037199999,+9.7%*,39191.0,194,<400 Active Cases per Million,1,"Warren, Pennsylvania"
42127,Pennsylvania,Wayne,8.733200187599998,15.083982668879997,+72.7%*,51361.0,294,<400 Active Cases per Million,1,"Wayne, Pennsylvania"
44009,Rhode Island,Washington,63.88484957183999,47.84459821752,-25.1%,125577.0,381,<400 Active Cases per Million,1,"Washington, Rhode Island"
51043,Virginia,Clarke,9.196011115439997,3.6182833036799993,-60.7%*,14619.0,248,<400 Active Cases per Million,1,"Clarke, Virginia"
51049,Virginia,Cumberland,5.4882023983199995,1.5147433068,-72.4%*,9932.0,153,<400 Active Cases per Million,1,"Cumberland, Virginia"
51063,Virginia,Floyd,11.09677730328,3.2892823166400005,-70.4%*,15749.0,209,<400 Active Cases per Million,1,"Floyd, Virginia"
51071,Virginia,Giles,2.6131359108,0.74709896304,-71.4%*,16720.0,45,<400 Active Cases per Million,1,"Giles, Virginia"
51091,Virginia,Highland,0.0,0.0,N/A,2190.0,0,<400 Active Cases per Million,1,"Highland, Virginia"
51113,Virginia,Madison,7.54868837784,4.848948019919999,-35.8%*,13261.0,366,<400 Active Cases per Million,1,"Madison, Virginia"
51600,Virginia,Fairfax City,5.39483843832,2.9204655796799996,-45.9%*,24019.0,122,<400 Active Cases per Million,1,"Fairfax City, Virginia"
51610,Virginia,Falls Church,0.7312859399999998,2.6558078942399996,+263.2%*,14617.0,182,<400 Active Cases per Million,1,"Falls Church, Virginia"
51750,Virginia,Radford,9.48625172976,6.353607983519999,-33.0%*,18249.0,348,<400 Active Cases per Million,1,"Radford, Virginia"
54007,West Virginia,Braxton,2.5954026566399997,3.53267700768,+36.1%*,13957.0,253,<400 Active Cases per Million,1,"Braxton, West Virginia"
54013,West Virginia,Calhoun,1.8327946550399998,2.21356358904,+20.8%*,7109.0,311,<400 Active Cases per Million,1,"Calhoun, West Virginia"
54017,West Virginia,Doddridge,0.0,0.0,N/A,8448.0,0,<400 Active Cases per Million,1,"Doddridge, West Virginia"
54021,West Virginia,Gilmer,0.46430048496,0.1325526792,-71.5%*,7823.0,17,<400 Active Cases per Million,1,"Gilmer, West Virginia"
54031,West Virginia,Hardy,8.040833947199998,5.127853132559999,-36.2%*,13776.0,372,<400 Active Cases per Million,1,"Hardy, West Virginia"
54035,West Virginia,Jackson,4.10137135368,7.177314304799999,+75.0%*,28576.0,251,<400 Active Cases per Million,1,"Jackson, West Virginia"
54041,West Virginia,Lewis,8.11930831296,4.02973159944,-50.4%*,15907.0,253,<400 Active Cases per Million,1,"Lewis, West Virginia"
54047,West Virginia,McDowell,10.63967248176,3.9524504783999994,-62.9%*,17624.0,224,<400 Active Cases per Million,1,"McDowell, West Virginia"
54067,West Virginia,Nicholas,9.08883343272,8.895181992000001,-2.1%*,24496.0,363,<400 Active Cases per Million,1,"Nicholas, West Virginia"
54073,West Virginia,Pleasants,0.0,1.7913078403199998,N/A,7460.0,240,<400 Active Cases per Million,1,"Pleasants, West Virginia"
54085,West Virginia,Ritchie,2.3566035307199997,1.04437769904,-55.7%*,9554.0,109,<400 Active Cases per Million,1,"Ritchie, West Virginia"
54087,West Virginia,Roane,1.03838253432,0.34302958968,-67.0%*,13688.0,25,<400 Active Cases per Million,1,"Roane, West Virginia"
54089,West Virginia,Summers,0.17149535688,0.0489332028,-71.5%*,12573.0,4,<400 Active Cases per Million,1,"Summers, West Virginia"
54093,West Virginia,Tucker,2.1459955432799998,0.78333132384,-63.5%*,6839.0,115,<400 Active Cases per Million,1,"Tucker, West Virginia"
54095,West Virginia,Tyler,6.44932645656,2.08371691656,-67.7%*,8591.0,243,<400 Active Cases per Million,1,"Tyler, West Virginia"
54097,West Virginia,Upshur,19.88765289216,8.97336065256,-54.9%*,24176.0,371,<400 Active Cases per Million,1,"Upshur, West Virginia"
54105,West Virginia,Wirt,1.9060409791199997,0.6107456827200001,-68.0%*,5821.0,105,<400 Active Cases per Million,1,"Wirt, West Virginia"
09001,Connecticut,Fairfield,444.46730040576006,454.41559125696,+2.2%,943332.0,482,400-799 Active Cases per Million,2,"Fairfield, Connecticut"
09003,Connecticut,Hartford,472.1489450776801,410.4153678717601,-13.1%,891720.0,460,400-799 Active Cases per Million,2,"Hartford, Connecticut"
09009,Connecticut,New Haven,479.00414224152007,441.10076426880005,-7.9%,854757.0,516,400-799 Active Cases per Million,2,"New Haven, Connecticut"
23005,Maine,Cumberland,221.09768613360004,207.0518392656,-6.4%,295003.0,702,400-799 Active Cases per Million,2,"Cumberland, Maine"
24001,Maryland,Allegany,28.7930531304,44.87343076704,+55.8%,70416.0,637,400-799 Active Cases per Million,2,"Allegany, Maryland"
24039,Maryland,Somerset,25.346083813919996,19.723938811919997,-22.2%,25616.0,770,400-799 Active Cases per Million,2,"Somerset, Maryland"
25001,Massachusetts,Barnstable,75.03799488216,165.88244797415996,+121.1%,212990.0,779,400-799 Active Cases per Million,2,"Barnstable, Massachusetts"
25015,Massachusetts,Hampshire,58.13125512144001,106.96766535984001,+84.0%,160830.0,665,400-799 Active Cases per Million,2,"Hampshire, Massachusetts"
25017,Massachusetts,Middlesex,933.7425415334401,1120.9974483698397,+20.1%,1611699.0,696,400-799 Active Cases per Million,2,"Middlesex, Massachusetts"
25023,Massachusetts,Plymouth,196.32392985599998,244.02949441296,+24.3%,521202.0,468,400-799 Active Cases per Million,2,"Plymouth, Massachusetts"
25027,Massachusetts,Worcester,446.37209984784005,593.5419724003199,+33.0%,830622.0,715,400-799 Active Cases per Million,2,"Worcester, Massachusetts"
33003,New Hampshire,Carroll,13.30326081432,20.3421729084,+52.9%*,48910.0,416,400-799 Active Cases per Million,2,"Carroll, New Hampshire"
33011,New Hampshire,Hillsborough,244.68321082440002,308.55968877071996,+26.1%,417025.0,740,400-799 Active Cases per Million,2,"Hillsborough, New Hampshire"
34003,New Jersey,Bergen,587.39908599696,563.4246691564801,-4.1%,932202.0,604,400-799 Active Cases per Million,2,"Bergen, New Jersey"
34005,New Jersey,Burlington,307.30188592824,253.65531066,-17.5%,445349.0,570,400-799 Active Cases per Million,2,"Burlington, New Jersey"
34009,New Jersey,Cape May,53.78886264288,58.04640392928,+7.9%,92039.0,631,400-799 Active Cases per Million,2,"Cape May, New Jersey"
34011,New Jersey,Cumberland,122.94180772055998,97.35649614024001,-20.8%,149527.0,651,400-799 Active Cases per Million,2,"Cumberland, New Jersey"
34013,New Jersey,Essex,472.52437979256,349.65675128063987,-26.0%,798975.0,438,400-799 Active Cases per Million,2,"Essex, New Jersey"
34021,New Jersey,Mercer,195.99591677448004,157.71512139624005,-19.5%,367430.0,429,400-799 Active Cases per Million,2,"Mercer, New Jersey"
34025,New Jersey,Monmouth,626.7262499942399,467.44140068160004,-25.4%,618795.0,755,400-799 Active Cases per Million,2,"Monmouth, New Jersey"
34027,New Jersey,Morris,203.44482125136,230.01165696912,+13.1%,491845.0,468,400-799 Active Cases per Million,2,"Morris, New Jersey"
34029,New Jersey,Ocean,376.44977963303995,474.81505042919997,+26.1%,607186.0,782,400-799 Active Cases per Million,2,"Ocean, New Jersey"
34031,New Jersey,Passaic,364.49657083439996,260.09539936512,-28.6%,501826.0,518,400-799 Active Cases per Million,2,"Passaic, New Jersey"
34035,New Jersey,Somerset,234.01862653703995,154.34495493264,-34.0%,328934.0,469,400-799 Active Cases per Million,2,"Somerset, New Jersey"
34041,New Jersey,Warren,29.48813793695999,63.58647195336001,+115.6%,105267.0,604,400-799 Active Cases per Million,2,"Warren, New Jersey"
36013,New York,Chautauqua,93.83506548864,76.80906527016002,-18.1%,126903.0,605,400-799 Active Cases per Million,2,"Chautauqua, New York"
36027,New York,Dutchess,243.84536850167999,173.36786190743996,-28.9%,294218.0,589,400-799 Active Cases per Million,2,"Dutchess, New York"
36043,New York,Herkimer,52.536640919759996,40.3914149364,-23.1%,61319.0,659,400-799 Active Cases per Million,2,"Herkimer, New York"
36045,New York,Jefferson,18.39248239608,44.40848470248,+141.4%*,109834.0,404,400-799 Active Cases per Million,2,"Jefferson, New York"
36047,New York,Kings,0.0,1780.75305777192,N/A,2559903.0,696,400-799 Active Cases per Million,2,"Kings, New York"
36055,New York,Monroe,674.8930033065601,591.9641331199199,-12.3%,741770.0,798,400-799 Active Cases per Million,2,"Monroe, New York"
36057,New York,Montgomery,35.8191499392,19.841272554480003,-44.6%,49221.0,403,400-799 Active Cases per Million,2,"Montgomery, New York"
36059,New York,Nassau,882.4601957270397,886.6346500283998,+0.5%,1356924.0,653,400-799 Active Cases per Million,2,"Nassau, New York"
36063,New York,Niagara,143.01176282016002,127.54130723568,-10.8%,209281.0,609,400-799 Active Cases per Million,2,"Niagara, New York"
36069,New York,Ontario,72.00898142424,57.1455639516,-20.6%,109777.0,521,400-799 Active Cases per Million,2,"Ontario, New York"
36071,New York,Orange,231.17307964632,214.55780596559998,-7.2%,384940.0,557,400-799 Active Cases per Million,2,"Orange, New York"
36079,New York,Putnam,86.601607662,53.14146530088001,-38.6%,98320.0,540,400-799 Active Cases per Million,2,"Putnam, New York"
36081,New York,Queens,0.0,1753.1342701742399,N/A,2253858.0,778,400-799 Active Cases per Million,2,"Queens, New York"
36083,New York,Rensselaer,126.0864126024,101.17667826479997,-19.8%,158714.0,637,400-799 Active Cases per Million,2,"Rensselaer, New York"
36087,New York,Rockland,220.81272429144,180.49279234031994,-18.3%,325789.0,554,400-799 Active Cases per Million,2,"Rockland, New York"
36091,New York,Saratoga,96.08298671832,110.00764791479999,+14.5%,229863.0,479,400-799 Active Cases per Million,2,"Saratoga, New York"
36097,New York,Schuyler,3.14598992712,9.89239942512,+214.4%*,17807.0,556,400-799 Active Cases per Million,2,"Schuyler, New York"
36103,New York,Suffolk,1250.95235927016,1179.0010132912798,-5.8%,1476601.0,798,400-799 Active Cases per Million,2,"Suffolk, New York"
36107,New York,Tioga,23.481421241039996,27.113381119919996,+15.5%*,48203.0,562,400-799 Active Cases per Million,2,"Tioga, New York"
36109,New York,Tompkins,38.61542096832,42.336267368639994,+9.6%,102180.0,414,400-799 Active Cases per Million,2,"Tompkins, New York"
36111,New York,Ulster,130.77443758919998,78.84877731167998,-39.7%,177573.0,444,400-799 Active Cases per Million,2,"Ulster, New York"
36117,New York,Wayne,70.7474086668,55.37642126976001,-21.7%,89918.0,616,400-799 Active Cases per Million,2,"Wayne, New York"
36119,New York,Westchester,681.5151819779999,689.36180034144,+1.2%,967506.0,713,400-799 Active Cases per Million,2,"Westchester, New York"
39015,Ohio,Brown,16.008169118879994,27.179607327120003,+69.8%*,43432.0,626,400-799 Active Cases per Million,2,"Brown, Ohio"
39033,Ohio,Crawford,22.621540999200004,19.243978118879998,-14.9%*,41494.0,464,400-799 Active Cases per Million,2,"Crawford, Ohio"
39037,Ohio,Darke,25.636550680800003,28.62239202864,+11.6%,51113.0,560,400-799 Active Cases per Million,2,"Darke, Ohio"
39047,Ohio,Fayette,15.759482341919998,16.46866428264,+4.5%*,28525.0,577,400-799 Active Cases per Million,2,"Fayette, Ohio"
39059,Ohio,Guernsey,26.3857407708,28.66687166808,+8.6%,38875.0,737,400-799 Active Cases per Million,2,"Guernsey, Ohio"
39105,Ohio,Meigs,11.558861558399999,13.7826482052,+19.2%*,22907.0,602,400-799 Active Cases per Million,2,"Meigs, Ohio"
39115,Ohio,Morgan,5.16012773544,7.50625167744,+45.5%*,14508.0,517,400-799 Active Cases per Million,2,"Morgan, Ohio"
39119,Ohio,Muskingum,48.89171480376,61.865800152960006,+26.5%,86215.0,718,400-799 Active Cases per Million,2,"Muskingum, Ohio"
39161,Ohio,Van Wert,28.14124939296,20.880379367519996,-25.8%,28275.0,738,400-799 Active Cases per Million,2,"Van Wert, Ohio"
39169,Ohio,Wayne,50.52425280168,80.5648669824,+59.5%,115710.0,696,400-799 Active Cases per Million,2,"Wayne, Ohio"
42009,Pennsylvania,Bedford,14.467697934959997,28.386652254239994,+96.2%*,47888.0,593,400-799 Active Cases per Million,2,"Bedford, Pennsylvania"
42013,Pennsylvania,Blair,61.26164920728,91.93894052184,+50.1%,121829.0,755,400-799 Active Cases per Million,2,"Blair, Pennsylvania"
42027,Pennsylvania,Centre,70.42995306143999,100.25839579727999,+42.4%,162385.0,617,400-799 Active Cases per Million,2,"Centre, Pennsylvania"
42031,Pennsylvania,Clarion,35.19420872591999,20.40089944728,-42.0%,38438.0,531,400-799 Active Cases per Million,2,"Clarion, Pennsylvania"
42033,Pennsylvania,Clearfield,31.85204639952,32.18879903064,+1.1%,79255.0,406,400-799 Active Cases per Million,2,"Clearfield, Pennsylvania"
42035,Pennsylvania,Clinton,27.93588318312,17.767871017919997,-36.4%,38632.0,460,400-799 Active Cases per Million,2,"Clinton, Pennsylvania"
42037,Pennsylvania,Columbia,32.417242847759994,44.65009943496,+37.7%,64964.0,687,400-799 Active Cases per Million,2,"Columbia, Pennsylvania"
42039,Pennsylvania,Crawford,77.19296616672,48.11708241600001,-37.7%,84629.0,569,400-799 Active Cases per Million,2,"Crawford, Pennsylvania"
42047,Pennsylvania,Elk,17.72166467352,15.437055098399998,-12.9%*,29910.0,516,400-799 Active Cases per Million,2,"Elk, Pennsylvania"
42049,Pennsylvania,Erie,183.10372147392,179.69359025039998,-1.9%,269728.0,666,400-799 Active Cases per Million,2,"Erie, Pennsylvania"
42061,Pennsylvania,Huntingdon,18.92652231384,24.438299735519998,+29.1%*,45144.0,541,400-799 Active Cases per Million,2,"Huntingdon, Pennsylvania"
42063,Pennsylvania,Indiana,103.94386395672,59.965736450159994,-42.3%,84073.0,713,400-799 Active Cases per Million,2,"Indiana, Pennsylvania"
42067,Pennsylvania,Juniata,4.653982088159999,10.487426224319996,+125.3%*,24763.0,424,400-799 Active Cases per Million,2,"Juniata, Pennsylvania"
42069,Pennsylvania,Lackawanna,91.499348106,133.16901238176,+45.5%,209674.0,635,400-799 Active Cases per Million,2,"Lackawanna, Pennsylvania"
42079,Pennsylvania,Luzerne,157.01517401784002,141.4681241436,-9.9%,317417.0,446,400-799 Active Cases per Million,2,"Luzerne, Pennsylvania"
42081,Pennsylvania,Lycoming,81.69848114135999,71.35370642064,-12.7%,113299.0,630,400-799 Active Cases per Million,2,"Lycoming, Pennsylvania"
42087,Pennsylvania,Mifflin,17.619146645999997,19.40626879392,+10.1%*,46138.0,421,400-799 Active Cases per Million,2,"Mifflin, Pennsylvania"
42089,Pennsylvania,Monroe,88.31365845216001,126.40757587728001,+43.1%,170271.0,742,400-799 Active Cases per Million,2,"Monroe, Pennsylvania"
42093,Pennsylvania,Montour,13.31507436744,10.8715076148,-18.4%*,18230.0,596,400-799 Active Cases per Million,2,"Montour, Pennsylvania"
42095,Pennsylvania,Northampton,243.05662500696,243.00735181464,-0.0%,305285.0,796,400-799 Active Cases per Million,2,"Northampton, Pennsylvania"
42097,Pennsylvania,Northumberland,56.12921268264,43.12219405920001,-23.2%,90843.0,475,400-799 Active Cases per Million,2,"Northumberland, Pennsylvania"
42107,Pennsylvania,Schuylkill,70.59547565856,88.4403769668,+25.3%,141359.0,626,400-799 Active Cases per Million,2,"Schuylkill, Pennsylvania"
42109,Pennsylvania,Snyder,9.6940407816,22.83898925736,+135.6%*,40372.0,566,400-799 Active Cases per Million,2,"Snyder, Pennsylvania"
42111,Pennsylvania,Somerset,41.2842542568,48.159811379280015,+16.7%,73447.0,656,400-799 Active Cases per Million,2,"Somerset, Pennsylvania"
42115,Pennsylvania,Susquehanna,12.722536686960002,21.13519623648,+66.1%*,40328.0,524,400-799 Active Cases per Million,2,"Susquehanna, Pennsylvania"
42119,Pennsylvania,Union,25.745346875040003,21.9826534644,-14.6%,44923.0,489,400-799 Active Cases per Million,2,"Union, Pennsylvania"
42121,Pennsylvania,Venango,40.39306061279999,20.9650222572,-48.1%,50668.0,414,400-799 Active Cases per Million,2,"Venango, Pennsylvania"
42131,Pennsylvania,Wyoming,13.94988345264,19.99847563488,+43.4%*,26794.0,746,400-799 Active Cases per Million,2,"Wyoming, Pennsylvania"
44005,Rhode Island,Newport,90.61633489728,34.74769121495999,-61.7%,82082.0,423,400-799 Active Cases per Million,2,"Newport, Rhode Island"
51015,Virginia,Augusta,45.51082539672,41.225973188640005,-9.4%,75558.0,546,400-799 Active Cases per Million,2,"Augusta, Virginia"
51045,Virginia,Craig,3.8682280847999997,2.9420127050400002,-23.9%*,5131.0,573,400-799 Active Cases per Million,2,"Craig, Virginia"
51051,Virginia,Dickenson,7.14713599896,8.06635426968,+12.9%*,14318.0,563,400-799 Active Cases per Million,2,"Dickenson, Virginia"
51099,Virginia,King George,10.202189078639998,13.434335096639998,+31.7%*,26836.0,501,400-799 Active Cases per Million,2,"King George, Virginia"
51111,Virginia,Lunenburg,11.44126053216,9.011926692240001,-21.2%*,12196.0,739,400-799 Active Cases per Million,2,"Lunenburg, Virginia"
51115,Virginia,Mathews,1.3111163471999998,3.6824270604000002,+180.9%*,8834.0,417,400-799 Active Cases per Million,2,"Mathews, Virginia"
51119,Virginia,Middlesex,4.9846930149599995,7.789456446719998,+56.3%*,10582.0,736,400-799 Active Cases per Million,2,"Middlesex, Virginia"
51125,Virginia,Nelson,11.38384753992,9.769688473919999,-14.2%*,14930.0,654,400-799 Active Cases per Million,2,"Nelson, Virginia"
51155,Virginia,Pulaski,16.775504342879998,15.898251876719996,-5.2%*,34027.0,467,400-799 Active Cases per Million,2,"Pulaski, Virginia"
51580,Virginia,Covington,0.38571285456,2.9864316465600003,+674.3%*,5538.0,539,400-799 Active Cases per Million,2,"Covington, Virginia"
54001,West Virginia,Barbour,15.358684331279997,11.68428327696,-23.9%*,16441.0,711,400-799 Active Cases per Million,2,"Barbour, West Virginia"
54003,West Virginia,Berkeley,115.58845927799997,64.10665508088,-44.5%,119171.0,538,400-799 Active Cases per Million,2,"Berkeley, West Virginia"
54025,West Virginia,Greenbrier,17.993936676719997,18.391207127519998,+2.2%*,34662.0,531,400-799 Active Cases per Million,2,"Greenbrier, West Virginia"
54037,West Virginia,Jefferson,35.290150842239996,32.406560677680005,-8.2%,57146.0,567,400-799 Active Cases per Million,2,"Jefferson, West Virginia"
54053,West Virginia,Mason,9.34911046776,15.380244294959997,+64.5%*,26516.0,580,400-799 Active Cases per Million,2,"Mason, West Virginia"
54055,West Virginia,Mercer,27.861900322800008,26.125807656240006,-6.2%,58758.0,445,400-799 Active Cases per Million,2,"Mercer, West Virginia"
54063,West Virginia,Monroe,1.41876520344,6.077777123999999,+328.4%*,13275.0,458,400-799 Active Cases per Million,2,"Monroe, West Virginia"
54065,West Virginia,Morgan,0.03396924648,8.30415551784,+24346.1%*,17884.0,464,400-799 Active Cases per Million,2,"Morgan, West Virginia"
54077,West Virginia,Preston,42.7172502348,20.939761000559997,-51.0%,33432.0,626,400-799 Active Cases per Million,2,"Preston, West Virginia"
54101,West Virginia,Webster,0.42506780231999997,3.77057727408,+787.1%*,8114.0,465,400-799 Active Cases per Million,2,"Webster, West Virginia"
54107,West Virginia,Wood,119.69011345991998,65.30426487263999,-45.4%,83518.0,782,400-799 Active Cases per Million,2,"Wood, West Virginia"
54109,West Virginia,Wyoming,0.062247173520000004,11.085043718879998,+17708.1%*,20394.0,544,400-799 Active Cases per Million,2,"Wyoming, West Virginia"
10001,Delaware,Kent,235.99383448128006,356.949826458,+51.3%,180786.0,1974,800+ Active Cases per Million,3,"Kent, Delaware"
10003,Delaware,New Castle,956.6892722575199,1002.0082641122401,+4.7%,558753.0,1793,800+ Active Cases per Million,3,"New Castle, Delaware"
10005,Delaware,Sussex,495.24707648928,572.55019568208,+15.6%,234225.0,2444,800+ Active Cases per Million,3,"Sussex, Delaware"
11001,District of Columbia,District of Columbia,1014.4639442131199,1291.4312637412802,+27.3%,705749.0,1830,800+ Active Cases per Million,3,"District of Columbia, District of Columbia"
24003,Maryland,Anne Arundel,869.4970940435998,1027.6572683380798,+18.2%,579234.0,1774,800+ Active Cases per Million,3,"Anne Arundel, Maryland"
24005,Maryland,Baltimore,1828.71292329432,2707.08991349256,+48.0%,827370.0,3272,800+ Active Cases per Million,3,"Baltimore, Maryland"
24009,Maryland,Calvert,79.54335301896,103.04652466608,+29.5%,92525.0,1114,800+ Active Cases per Million,3,"Calvert, Maryland"
24011,Maryland,Caroline,51.976250850960014,57.46876795704001,+10.6%,33406.0,1720,800+ Active Cases per Million,3,"Caroline, Maryland"
24013,Maryland,Carroll,127.63509352919999,192.50135737607997,+50.8%,168447.0,1143,800+ Active Cases per Million,3,"Carroll, Maryland"
24015,Maryland,Cecil,68.51323870128,94.10294277912003,+37.4%,102855.0,915,800+ Active Cases per Million,3,"Cecil, Maryland"
24017,Maryland,Charles,229.96950369696003,295.4571289716,+28.5%,163257.0,1810,800+ Active Cases per Million,3,"Charles, Maryland"
24019,Maryland,Dorchester,66.93897714144,158.71738925280002,+137.1%,31929.0,4971,800+ Active Cases per Million,3,"Dorchester, Maryland"
24021,Maryland,Frederick,229.35630136199998,391.45045850111995,+70.7%,259547.0,1508,800+ Active Cases per Million,3,"Frederick, Maryland"
24023,Maryland,Garrett,24.18721685376,24.9083658216,+3.0%*,29014.0,858,800+ Active Cases per Million,3,"Garrett, Maryland"
24025,Maryland,Harford,273.62155703208,435.02211565536015,+59.0%,255441.0,1703,800+ Active Cases per Million,3,"Harford, Maryland"
24027,Maryland,Howard,549.208606716,717.268504536,+30.6%,325690.0,2202,800+ Active Cases per Million,3,"Howard, Maryland"
24029,Maryland,Kent,19.67005873488,25.64727380376,+30.4%*,19422.0,1321,800+ Active Cases per Million,3,"Kent, Maryland"
24031,Maryland,Montgomery,1627.87718962368,1633.4340063496797,+0.3%,1050688.0,1555,800+ Active Cases per Million,3,"Montgomery, Maryland"
24033,Maryland,Prince George's,2110.5497660112,2282.15600453832,+8.1%,909327.0,2510,800+ Active Cases per Million,3,"Prince George's, Maryland"
24035,Maryland,Queen Anne's,86.57968018703998,100.78318412736002,+16.4%,50381.0,2000,800+ Active Cases per Million,3,"Queen Anne's, Maryland"
24037,Maryland,St. Mary's,153.44908084872,138.58513486967996,-9.7%,113510.0,1221,800+ Active Cases per Million,3,"St. Mary's, Maryland"
24041,Maryland,Talbot,118.98442417679999,144.6819130176,+21.6%,37181.0,3891,800+ Active Cases per Million,3,"Talbot, Maryland"
24043,Maryland,Washington,89.90334015768,178.14406929384,+98.2%,151049.0,1179,800+ Active Cases per Million,3,"Washington, Maryland"
24045,Maryland,Wicomico,128.37682212336,121.78516215023998,-5.1%,103609.0,1175,800+ Active Cases per Million,3,"Wicomico, Maryland"
24047,Maryland,Worcester,112.55515870727997,187.18918889112004,+66.3%,52276.0,3581,800+ Active Cases per Million,3,"Worcester, Maryland"
24510,Maryland,Baltimore City,2052.77286454776,2262.93328509648,+10.2%,593490.0,3813,800+ Active Cases per Million,3,"Baltimore City, Maryland"
25005,Massachusetts,Bristol,510.9335463791998,532.7571769514401,+4.3%,565217.0,943,800+ Active Cases per Million,3,"Bristol, Massachusetts"
25009,Massachusetts,Essex,613.7447680195198,678.0280685411998,+10.5%,789034.0,859,800+ Active Cases per Million,3,"Essex, Massachusetts"
25013,Massachusetts,Hampden,388.05188650991994,410.21911552655996,+5.7%,466372.0,880,800+ Active Cases per Million,3,"Hampden, Massachusetts"
25021,Massachusetts,Norfolk,554.50329793704,679.4201913429602,+22.5%,706775.0,961,800+ Active Cases per Million,3,"Norfolk, Massachusetts"
25025,Massachusetts,Suffolk,758.43367161312,775.1225683317599,+2.2%,803907.0,964,800+ Active Cases per Million,3,"Suffolk, Massachusetts"
34001,New Jersey,Atlantic,284.52713295504003,265.00774233767993,-6.9%,263670.0,1005,800+ Active Cases per Million,3,"Atlantic, New Jersey"
34007,New Jersey,Camden,527.6382530378401,419.28579331535997,-20.5%,506471.0,828,800+ Active Cases per Million,3,"Camden, New Jersey"
34015,New Jersey,Gloucester,283.65701000352,276.98878155432,-2.4%,291636.0,950,800+ Active Cases per Million,3,"Gloucester, New Jersey"
34023,New Jersey,Middlesex,441.26441987543996,824.6617048108799,+86.9%,825062.0,1000,800+ Active Cases per Million,3,"Middlesex, New Jersey"
34033,New Jersey,Salem,47.277880537440005,54.63419405112,+15.6%,62385.0,876,800+ Active Cases per Million,3,"Salem, New Jersey"
36001,New York,Albany,262.87850714256,318.30899585208,+21.1%,305506.0,1042,800+ Active Cases per Million,3,"Albany, New York"
36005,New York,Bronx,0.0,1382.4517034229598,N/A,1418207.0,975,800+ Active Cases per Million,3,"Bronx, New York"
36007,New York,Broome,197.30703931536002,206.98663816464,+4.9%,190488.0,1087,800+ Active Cases per Million,3,"Broome, New York"
36017,New York,Chenango,43.042904630399995,46.93528591536,+9.0%,47207.0,994,800+ Active Cases per Million,3,"Chenango, New York"
36023,New York,Cortland,21.27723591,40.44750017376,+90.1%*,47581.0,850,800+ Active Cases per Million,3,"Cortland, New York"
36029,New York,Erie,813.4804327547998,771.5118281668799,-5.2%,918702.0,840,800+ Active Cases per Million,3,"Erie, New York"
36061,New York,New York,6387.086839766401,1422.3806791576799,-77.7%,1628706.0,873,800+ Active Cases per Million,3,"New York, New York"
36065,New York,Oneida,266.74524093096,271.96679090111996,+2.0%,228671.0,1189,800+ Active Cases per Million,3,"Oneida, New York"
36067,New York,Onondaga,480.64440631560007,387.40012934351995,-19.4%,460528.0,841,800+ Active Cases per Million,3,"Onondaga, New York"
36085,New York,Richmond,0.0,465.45501866424,N/A,476143.0,978,800+ Active Cases per Million,3,"Richmond, New York"
36093,New York,Schenectady,124.14194475504002,140.81570715528,+13.4%,155299.0,907,800+ Active Cases per Million,3,"Schenectady, New York"
39001,Ohio,Adams,12.97675887528,23.730260987999998,+82.9%*,27698.0,857,800+ Active Cases per Million,3,"Adams, Ohio"
39003,Ohio,Allen,170.75837661744004,225.20096571527998,+31.9%,102351.0,2200,800+ Active Cases per Million,3,"Allen, Ohio"
39005,Ohio,Ashland,64.17777263976001,52.20906532344,-18.6%,53484.0,976,800+ Active Cases per Million,3,"Ashland, Ohio"
39007,Ohio,Ashtabula,52.05509052624,92.12807654304,+77.0%,97241.0,947,800+ Active Cases per Million,3,"Ashtabula, Ohio"
39009,Ohio,Athens,296.736601836,230.99485855631997,-22.2%,65327.0,3536,800+ Active Cases per Million,3,"Athens, Ohio"
39011,Ohio,Auglaize,19.362797346479997,75.14829584952,+288.1%*,45656.0,1646,800+ Active Cases per Million,3,"Auglaize, Ohio"
39017,Ohio,Butler,752.8108510980003,743.1454346582401,-1.3%,383134.0,1940,800+ Active Cases per Million,3,"Butler, Ohio"
39019,Ohio,Carroll,33.790710258960004,43.15744156200002,+27.7%,26914.0,1604,800+ Active Cases per Million,3,"Carroll, Ohio"
39021,Ohio,Champaign,31.90731004272,39.980442058319994,+25.3%,38885.0,1028,800+ Active Cases per Million,3,"Champaign, Ohio"
39023,Ohio,Clark,168.60615079655997,271.69046844743997,+61.1%,134083.0,2026,800+ Active Cases per Million,3,"Clark, Ohio"
39025,Ohio,Clermont,308.53092095424006,335.13982964328005,+8.6%,206428.0,1624,800+ Active Cases per Million,3,"Clermont, Ohio"
39027,Ohio,Clinton,50.36737496807999,61.796528370720004,+22.7%,41968.0,1472,800+ Active Cases per Million,3,"Clinton, Ohio"
39029,Ohio,Columbiana,249.91170589872002,192.56260645728003,-22.9%,101883.0,1890,800+ Active Cases per Million,3,"Columbiana, Ohio"
39031,Ohio,Coshocton,89.61874212096,48.29264447784001,-46.1%,36600.0,1319,800+ Active Cases per Million,3,"Coshocton, Ohio"
39035,Ohio,Cuyahoga,3940.2888550101598,3605.07468611712,-8.5%,1235072.0,2919,800+ Active Cases per Million,3,"Cuyahoga, Ohio"
39039,Ohio,Defiance,24.2700534636,74.85050034384001,+208.4%*,38087.0,1965,800+ Active Cases per Million,3,"Defiance, Ohio"
39041,Ohio,Delaware,445.90990710456,436.99549341384005,-2.0%,209177.0,2089,800+ Active Cases per Million,3,"Delaware, Ohio"
39043,Ohio,Erie,151.32536696184,185.59316318736,+22.6%,74266.0,2499,800+ Active Cases per Million,3,"Erie, Ohio"
39045,Ohio,Fairfield,401.31307387728003,493.19659628424,+22.9%,157574.0,3130,800+ Active Cases per Million,3,"Fairfield, Ohio"
39049,Ohio,Franklin,5050.275238665121,5215.16687717184,+3.3%,1316756.0,3961,800+ Active Cases per Million,3,"Franklin, Ohio"
39051,Ohio,Fulton,23.769308404320004,65.71962247847999,+176.5%*,42126.0,1560,800+ Active Cases per Million,3,"Fulton, Ohio"
39053,Ohio,Gallia,13.548458966159997,33.99247126344,+150.9%*,29898.0,1137,800+ Active Cases per Million,3,"Gallia, Ohio"
39055,Ohio,Geauga,81.44866326840001,92.50630975008,+13.6%,93649.0,988,800+ Active Cases per Million,3,"Geauga, Ohio"
39057,Ohio,Greene,267.87399017544,264.1653079596,-1.4%,168937.0,1564,800+ Active Cases per Million,3,"Greene, Ohio"
39061,Ohio,Hamilton,2763.729281961839,2348.00254747464,-15.0%,817473.0,2872,800+ Active Cases per Million,3,"Hamilton, Ohio"
39063,Ohio,Hancock,48.96902941008,170.96916243816003,+249.1%,75783.0,2256,800+ Active Cases per Million,3,"Hancock, Ohio"
39065,Ohio,Hardin,19.21827492456,26.85276699192,+39.7%*,31365.0,856,800+ Active Cases per Million,3,"Hardin, Ohio"
39069,Ohio,Henry,18.73970266728,90.44866187975998,+382.7%*,27006.0,3349,800+ Active Cases per Million,3,"Henry, Ohio"
39071,Ohio,Highland,29.02207804896,60.67772439720001,+109.1%,43161.0,1406,800+ Active Cases per Million,3,"Highland, Ohio"
39073,Ohio,Hocking,24.32881691376,24.6714520824,+1.4%*,28264.0,873,800+ Active Cases per Million,3,"Hocking, Ohio"
39075,Ohio,Holmes,93.27548581128,68.1566715456,-26.9%,43960.0,1550,800+ Active Cases per Million,3,"Holmes, Ohio"
39077,Ohio,Huron,121.4687919264,119.3878397544,-1.7%,58266.0,2049,800+ Active Cases per Million,3,"Huron, Ohio"
39079,Ohio,Jackson,19.986805272479998,39.61255192776,+98.2%*,32413.0,1222,800+ Active Cases per Million,3,"Jackson, Ohio"
39081,Ohio,Jefferson,91.135970664,74.00733465456,-18.8%,65325.0,1133,800+ Active Cases per Million,3,"Jefferson, Ohio"
39083,Ohio,Knox,33.3235940088,87.15321418703999,+161.5%,62322.0,1398,800+ Active Cases per Million,3,"Knox, Ohio"
39085,Ohio,Lake,322.19256070176004,403.77676365048,+25.3%,230149.0,1754,800+ Active Cases per Million,3,"Lake, Ohio"
39087,Ohio,Lawrence,61.16073710135999,125.51797406352,+105.2%,59463.0,2111,800+ Active Cases per Million,3,"Lawrence, Ohio"
39089,Ohio,Licking,337.4608984605599,444.97988105495995,+31.9%,176862.0,2516,800+ Active Cases per Million,3,"Licking, Ohio"
39091,Ohio,Logan,27.5420110452,42.30021093336,+53.6%,45672.0,926,800+ Active Cases per Million,3,"Logan, Ohio"
39093,Ohio,Lorain,396.42409658712,429.651387264,+8.4%,309833.0,1387,800+ Active Cases per Million,3,"Lorain, Ohio"
39095,Ohio,Lucas,843.8073439408801,1501.42160569776,+77.9%,428348.0,3505,800+ Active Cases per Million,3,"Lucas, Ohio"
39097,Ohio,Madison,70.62706293792,70.50054738624,-0.2%,44731.0,1576,800+ Active Cases per Million,3,"Madison, Ohio"
39099,Ohio,Mahoning,361.02047734608,421.1664483938401,+16.7%,228683.0,1842,800+ Active Cases per Million,3,"Mahoning, Ohio"
39101,Ohio,Marion,57.955821246239985,104.21149670496,+79.8%,65093.0,1601,800+ Active Cases per Million,3,"Marion, Ohio"
39103,Ohio,Medina,231.76644007463992,215.88472799663998,-6.9%,179746.0,1201,800+ Active Cases per Million,3,"Medina, Ohio"
39107,Ohio,Mercer,55.24999805904,145.18523504543998,+162.8%,41172.0,3526,800+ Active Cases per Million,3,"Mercer, Ohio"
39109,Ohio,Miami,133.57227177192,188.37706968048002,+41.0%,106987.0,1761,800+ Active Cases per Million,3,"Miami, Ohio"
39113,Ohio,Montgomery,1334.3285319062397,1416.4365866284797,+6.2%,531687.0,2664,800+ Active Cases per Million,3,"Montgomery, Ohio"
39117,Ohio,Morrow,28.925380331999996,31.66369926504,+9.5%,35328.0,896,800+ Active Cases per Million,3,"Morrow, Ohio"
39123,Ohio,Ottawa,160.96257598391998,150.25679757336,-6.7%,40525.0,3708,800+ Active Cases per Million,3,"Ottawa, Ohio"
39125,Ohio,Paulding,26.14506480696,20.5386197196,-21.4%,18672.0,1100,800+ Active Cases per Million,3,"Paulding, Ohio"
39127,Ohio,Perry,32.22412140384,34.87637673864,+8.2%,36134.0,965,800+ Active Cases per Million,3,"Perry, Ohio"
39129,Ohio,Pickaway,102.52908461736,127.60396868471999,+24.5%,58457.0,2183,800+ Active Cases per Million,3,"Pickaway, Ohio"
39131,Ohio,Pike,18.36073344864,24.49210863792,+33.4%*,27772.0,882,800+ Active Cases per Million,3,"Pike, Ohio"
39133,Ohio,Portage,139.92144076536,203.21461485480003,+45.2%,162466.0,1251,800+ Active Cases per Million,3,"Portage, Ohio"
39135,Ohio,Preble,50.80189430712001,38.16537601536,-24.9%,40882.0,934,800+ Active Cases per Million,3,"Preble, Ohio"
39137,Ohio,Putnam,49.86780181944001,45.81029603832,-8.1%,33861.0,1353,800+ Active Cases per Million,3,"Putnam, Ohio"
39139,Ohio,Richland,135.81674440728,148.04847439007997,+9.0%,121154.0,1222,800+ Active Cases per Million,3,"Richland, Ohio"
39141,Ohio,Ross,67.71783811679998,130.61976808895997,+92.9%,76666.0,1704,800+ Active Cases per Million,3,"Ross, Ohio"
39143,Ohio,Sandusky,100.25065650024,150.79294405199997,+50.4%,58518.0,2577,800+ Active Cases per Million,3,"Sandusky, Ohio"
39145,Ohio,Scioto,79.21766753568,74.79371185848001,-5.6%,75314.0,993,800+ Active Cases per Million,3,"Scioto, Ohio"
39147,Ohio,Seneca,24.897877542240003,100.67308051080002,+304.3%*,55178.0,1825,800+ Active Cases per Million,3,"Seneca, Ohio"
39149,Ohio,Shelby,21.75759251304,58.066948877040005,+166.9%*,48590.0,1195,800+ Active Cases per Million,3,"Shelby, Ohio"
39151,Ohio,Stark,325.65046902191995,406.43292681455995,+24.8%,370606.0,1097,800+ Active Cases per Million,3,"Stark, Ohio"
39153,Ohio,Summit,666.5367303184798,755.33933465016,+13.3%,541013.0,1396,800+ Active Cases per Million,3,"Summit, Ohio"
39155,Ohio,Trumbull,264.77633856671997,368.41363719864,+39.1%,197974.0,1861,800+ Active Cases per Million,3,"Trumbull, Ohio"
39157,Ohio,Tuscarawas,190.06383578976005,159.87009274056004,-15.9%,91987.0,1738,800+ Active Cases per Million,3,"Tuscarawas, Ohio"
39159,Ohio,Union,83.96422449960001,91.67529271127998,+9.2%,58988.0,1554,800+ Active Cases per Million,3,"Union, Ohio"
39165,Ohio,Warren,513.13941081384,538.6687254607199,+5.0%,234602.0,2296,800+ Active Cases per Million,3,"Warren, Ohio"
39167,Ohio,Washington,45.037729306319996,53.55507852336,+18.9%,59911.0,894,800+ Active Cases per Million,3,"Washington, Ohio"
39171,Ohio,Williams,33.31274410584,33.59032507968001,+0.8%,36692.0,915,800+ Active Cases per Million,3,"Williams, Ohio"
39173,Ohio,Wood,180.33820383479997,312.95846945976007,+73.5%,130817.0,2392,800+ Active Cases per Million,3,"Wood, Ohio"
39175,Ohio,Wyandot,20.91374230224,38.662176331199994,+84.9%*,21772.0,1776,800+ Active Cases per Million,3,"Wyandot, Ohio"
42001,Pennsylvania,Adams,95.90039868456,94.24452714840001,-1.7%,103009.0,915,800+ Active Cases per Million,3,"Adams, Pennsylvania"
42003,Pennsylvania,Allegheny,3678.66441533256,3203.4828517319997,-12.9%,1216045.0,2634,800+ Active Cases per Million,3,"Allegheny, Pennsylvania"
42005,Pennsylvania,Armstrong,34.6619477676,85.56658423655999,+146.9%,64735.0,1322,800+ Active Cases per Million,3,"Armstrong, Pennsylvania"
42007,Pennsylvania,Beaver,267.84844532976,388.4802529948799,+45.0%,163929.0,2370,800+ Active Cases per Million,3,"Beaver, Pennsylvania"
42011,Pennsylvania,Berks,321.09842800776005,411.8256132424799,+28.3%,421164.0,978,800+ Active Cases per Million,3,"Berks, Pennsylvania"
42017,Pennsylvania,Bucks,621.3979093490401,801.48289081896,+29.0%,628270.0,1276,800+ Active Cases per Million,3,"Bucks, Pennsylvania"
42019,Pennsylvania,Butler,176.47759068623998,179.84697860112007,+1.9%,187853.0,957,800+ Active Cases per Million,3,"Butler, Pennsylvania"
42021,Pennsylvania,Cambria,95.5434913212,105.45775598016,+10.4%,130192.0,810,800+ Active Cases per Million,3,"Cambria, Pennsylvania"
42025,Pennsylvania,Carbon,42.41666155272001,63.78052983936,+50.4%,64182.0,994,800+ Active Cases per Million,3,"Carbon, Pennsylvania"
42029,Pennsylvania,Chester,556.99087451832,911.5807102629599,+63.7%,524989.0,1736,800+ Active Cases per Million,3,"Chester, Pennsylvania"
42041,Pennsylvania,Cumberland,174.80818869744002,212.52134455104002,+21.6%,253370.0,839,800+ Active Cases per Million,3,"Cumberland, Pennsylvania"
42043,Pennsylvania,Dauphin,324.08261241455995,356.7461681870401,+10.1%,278299.0,1282,800+ Active Cases per Million,3,"Dauphin, Pennsylvania"
42045,Pennsylvania,Delaware,649.4026242684,870.29458489872,+34.0%,566747.0,1536,800+ Active Cases per Million,3,"Delaware, Pennsylvania"
42051,Pennsylvania,Fayette,133.7971490772,169.73435388432,+26.9%,129274.0,1313,800+ Active Cases per Million,3,"Fayette, Pennsylvania"
42055,Pennsylvania,Franklin,133.94152786584002,276.3526056854399,+106.3%,155027.0,1783,800+ Active Cases per Million,3,"Franklin, Pennsylvania"
42059,Pennsylvania,Greene,48.91589110608,46.298219106720005,-5.4%,36233.0,1278,800+ Active Cases per Million,3,"Greene, Pennsylvania"
42071,Pennsylvania,Lancaster,657.1273942327197,509.81292145248,-22.4%,545724.0,934,800+ Active Cases per Million,3,"Lancaster, Pennsylvania"
42073,Pennsylvania,Lawrence,140.37270581495994,146.01977080656,+4.0%,85512.0,1708,800+ Active Cases per Million,3,"Lawrence, Pennsylvania"
42075,Pennsylvania,Lebanon,185.40653566679998,158.63938438104,-14.4%,141793.0,1119,800+ Active Cases per Million,3,"Lebanon, Pennsylvania"
42077,Pennsylvania,Lehigh,333.01862630328,320.2547421081599,-3.8%,369318.0,867,800+ Active Cases per Million,3,"Lehigh, Pennsylvania"
42085,Pennsylvania,Mercer,112.06422459359997,183.34944590352004,+63.6%,109424.0,1676,800+ Active Cases per Million,3,"Mercer, Pennsylvania"
42091,Pennsylvania,Montgomery,701.35657244784,811.21797276912,+15.7%,830915.0,976,800+ Active Cases per Million,3,"Montgomery, Pennsylvania"
42101,Pennsylvania,Philadelphia,2470.732398754081,2989.387816416,+21.0%,1584064.0,1887,800+ Active Cases per Million,3,"Philadelphia, Pennsylvania"
42125,Pennsylvania,Washington,368.97395062800007,304.75409387016,-17.4%,206865.0,1473,800+ Active Cases per Million,3,"Washington, Pennsylvania"
42129,Pennsylvania,Westmoreland,495.41981196648004,439.1871863366399,-11.4%,348899.0,1259,800+ Active Cases per Million,3,"Westmoreland, Pennsylvania"
42133,Pennsylvania,York,555.04175581728,496.6355697816001,-10.5%,449058.0,1106,800+ Active Cases per Million,3,"York, Pennsylvania"
44001,Rhode Island,Bristol,64.32940437215998,41.39345684855999,-35.7%,48479.0,854,800+ Active Cases per Million,3,"Bristol, Rhode Island"
44003,Rhode Island,Kent,209.45689817760004,160.80582745704,-23.2%,164292.0,979,800+ Active Cases per Million,3,"Kent, Rhode Island"
44007,Rhode Island,Providence,1357.27977215496,1341.1792521024001,-1.2%,638931.0,2099,800+ Active Cases per Million,3,"Providence, Rhode Island"
51001,Virginia,Accomack,8.226215205119999,27.273309466559997,+231.5%*,32316.0,844,800+ Active Cases per Million,3,"Accomack, Virginia"
51003,Virginia,Albemarle,206.13540721680002,236.78698936368,+14.9%,109330.0,2166,800+ Active Cases per Million,3,"Albemarle, Virginia"
51005,Virginia,Alleghany,30.404776407840004,14.59346037192,-52.0%,14860.0,982,800+ Active Cases per Million,3,"Alleghany, Virginia"
51007,Virginia,Amelia,19.24910100816,14.8552462452,-22.8%*,13145.0,1130,800+ Active Cases per Million,3,"Amelia, Virginia"
51009,Virginia,Amherst,11.770747086239998,48.1815082968,+309.3%*,31605.0,1524,800+ Active Cases per Million,3,"Amherst, Virginia"
51011,Virginia,Appomattox,8.410128093839997,15.705473560799998,+86.7%*,15911.0,987,800+ Active Cases per Million,3,"Appomattox, Virginia"
51013,Virginia,Arlington,297.83696257488,261.19242817464004,-12.3%,236842.0,1103,800+ Active Cases per Million,3,"Arlington, Virginia"
51017,Virginia,Bath,3.31639732752,3.7569642268799996,+13.3%*,4147.0,906,800+ Active Cases per Million,3,"Bath, Virginia"
51019,Virginia,Bedford,73.86650457767999,98.36631234,+33.2%,78997.0,1245,800+ Active Cases per Million,3,"Bedford, Virginia"
51021,Virginia,Bland,6.121555355759998,6.69358051848,+9.3%*,6280.0,1066,800+ Active Cases per Million,3,"Bland, Virginia"
51023,Virginia,Botetourt,58.138130851439996,27.40693140864,-52.9%,33419.0,820,800+ Active Cases per Million,3,"Botetourt, Virginia"
51025,Virginia,Brunswick,54.024318103919995,52.721905729679996,-2.4%,16231.0,3248,800+ Active Cases per Million,3,"Brunswick, Virginia"
51027,Virginia,Buchanan,34.613781088319996,35.61129424608,+2.9%,21004.0,1695,800+ Active Cases per Million,3,"Buchanan, Virginia"
51029,Virginia,Buckingham,18.430989359039998,29.27368981824,+58.8%*,17148.0,1707,800+ Active Cases per Million,3,"Buckingham, Virginia"
51031,Virginia,Campbell,32.895795464159995,46.326815568479994,+40.8%,54885.0,844,800+ Active Cases per Million,3,"Campbell, Virginia"
51033,Virginia,Caroline,39.91928951784,45.39012547008,+13.7%,30725.0,1477,800+ Active Cases per Million,3,"Caroline, Virginia"
51035,Virginia,Carroll,71.04997411152,55.054648930320006,-22.5%,29791.0,1848,800+ Active Cases per Million,3,"Carroll, Virginia"
51036,Virginia,Charles City,3.42807009672,6.79541538048,+98.2%*,6963.0,976,800+ Active Cases per Million,3,"Charles City, Virginia"
51037,Virginia,Charlotte,10.85498574984,12.960231692399999,+19.4%*,11880.0,1091,800+ Active Cases per Million,3,"Charlotte, Virginia"
51041,Virginia,Chesterfield,665.96982493032,707.8565528680798,+6.3%,352802.0,2006,800+ Active Cases per Million,3,"Chesterfield, Virginia"
51047,Virginia,Culpeper,86.49607826232,102.72967615079999,+18.8%,52605.0,1953,800+ Active Cases per Million,3,"Culpeper, Virginia"
51053,Virginia,Dinwiddie,28.388381852639995,26.396810127359995,-7.0%,28544.0,925,800+ Active Cases per Million,3,"Dinwiddie, Virginia"
51057,Virginia,Essex,15.912585541199999,13.771103243999997,-13.5%*,10953.0,1257,800+ Active Cases per Million,3,"Essex, Virginia"
51059,Virginia,Fairfax,1040.92677969024,1174.81597882776,+12.9%,1147532.0,1024,800+ Active Cases per Million,3,"Fairfax, Virginia"
51061,Virginia,Fauquier,99.1977543348,120.58593990816,+21.6%,71222.0,1693,800+ Active Cases per Million,3,"Fauquier, Virginia"
51065,Virginia,Fluvanna,31.1893504548,37.829809004640005,+21.3%,27270.0,1387,800+ Active Cases per Million,3,"Fluvanna, Virginia"
51067,Virginia,Franklin,42.415843506,47.36893313400002,+11.7%,56042.0,845,800+ Active Cases per Million,3,"Franklin, Virginia"
51069,Virginia,Frederick,96.20294541624001,116.33445289751998,+20.9%,89313.0,1303,800+ Active Cases per Million,3,"Frederick, Virginia"
51073,Virginia,Gloucester,47.58202875648001,81.41819408879998,+71.1%,37348.0,2180,800+ Active Cases per Million,3,"Gloucester, Virginia"
51075,Virginia,Goochland,18.01637134008,20.67301581528,+14.7%*,23753.0,870,800+ Active Cases per Million,3,"Goochland, Virginia"
51077,Virginia,Grayson,17.43964531992,30.546581315039997,+75.2%*,15550.0,1964,800+ Active Cases per Million,3,"Grayson, Virginia"
51079,Virginia,Greene,26.59513212144,47.84910962376,+79.9%,19819.0,2414,800+ Active Cases per Million,3,"Greene, Virginia"
51081,Virginia,Greensville,35.60305063439999,29.938931503679996,-15.9%,11336.0,2641,800+ Active Cases per Million,3,"Greensville, Virginia"
51083,Virginia,Halifax,60.10538619455999,46.59660184944,-22.5%,33911.0,1374,800+ Active Cases per Million,3,"Halifax, Virginia"
51085,Virginia,Hanover,109.21337641344,107.80873985784,-1.3%,107766.0,1000,800+ Active Cases per Million,3,"Hanover, Virginia"
51087,Virginia,Henrico,509.7977756745599,503.49682551768,-1.2%,330818.0,1522,800+ Active Cases per Million,3,"Henrico, Virginia"
51089,Virginia,Henry,165.10271815031996,130.63798823256002,-20.9%,50557.0,2584,800+ Active Cases per Million,3,"Henry, Virginia"
51093,Virginia,Isle of Wight,89.20679229888,121.1573764764,+35.8%,37109.0,3265,800+ Active Cases per Million,3,"Isle of Wight, Virginia"
51095,Virginia,James City,170.05954399992,204.52743352487997,+20.3%,76523.0,2673,800+ Active Cases per Million,3,"James City, Virginia"
51097,Virginia,King and Queen,12.12523785168,5.844746093040001,-51.8%*,7025.0,832,800+ Active Cases per Million,3,"King and Queen, Virginia"
51101,Virginia,King William,26.69789100168,22.008117885599997,-17.6%,17148.0,1283,800+ Active Cases per Million,3,"King William, Virginia"
51103,Virginia,Lancaster,20.88823708752,11.601314949120002,-44.5%*,10603.0,1094,800+ Active Cases per Million,3,"Lancaster, Virginia"
51105,Virginia,Lee,23.142867083039995,73.7580608964,+218.7%*,23423.0,3149,800+ Active Cases per Million,3,"Lee, Virginia"
51107,Virginia,Loudoun,705.7914703305598,625.0690180624799,-11.4%,413538.0,1512,800+ Active Cases per Million,3,"Loudoun, Virginia"
51109,Virginia,Louisa,28.6750872108,33.28442900112,+16.1%,37591.0,885,800+ Active Cases per Million,3,"Louisa, Virginia"
51117,Virginia,Mecklenburg,39.36935806584,45.6207964212,+15.9%,30587.0,1492,800+ Active Cases per Million,3,"Mecklenburg, Virginia"
51121,Virginia,Montgomery,77.88165158255998,80.15757998448002,+2.9%,98535.0,813,800+ Active Cases per Million,3,"Montgomery, Virginia"
51127,Virginia,New Kent,26.37120546768,48.93602665608,+85.6%,23091.0,2119,800+ Active Cases per Million,3,"New Kent, Virginia"
51131,Virginia,Northampton,8.689491687599999,30.57267604823999,+251.8%*,11710.0,2611,800+ Active Cases per Million,3,"Northampton, Virginia"
51133,Virginia,Northumberland,18.19457871288,19.08872659512,+4.9%*,12095.0,1578,800+ Active Cases per Million,3,"Northumberland, Virginia"
51135,Virginia,Nottoway,47.634585910079984,55.160448294,+15.8%,15232.0,3621,800+ Active Cases per Million,3,"Nottoway, Virginia"
51137,Virginia,Orange,29.02607582256,46.64110159512001,+60.7%,37051.0,1259,800+ Active Cases per Million,3,"Orange, Virginia"
51139,Virginia,Page,43.313864066879994,47.43012662016,+9.5%,23902.0,1984,800+ Active Cases per Million,3,"Page, Virginia"
51141,Virginia,Patrick,13.057713705359998,33.07913740584,+153.3%*,17608.0,1879,800+ Active Cases per Million,3,"Patrick, Virginia"
51143,Virginia,Pittsylvania,101.06979736031998,152.24815277256,+50.6%,60354.0,2523,800+ Active Cases per Million,3,"Pittsylvania, Virginia"
51145,Virginia,Powhatan,31.044894176879996,26.398991859839995,-15.0%,29652.0,890,800+ Active Cases per Million,3,"Powhatan, Virginia"
51147,Virginia,Prince Edward,38.787419412,19.16207059776,-50.6%,22802.0,840,800+ Active Cases per Million,3,"Prince Edward, Virginia"
51149,Virginia,Prince George,62.044641293279994,59.858292800879994,-3.5%,38353.0,1561,800+ Active Cases per Million,3,"Prince George, Virginia"
51153,Virginia,Prince William,823.7737173312,898.04228380488,+9.0%,470335.0,1909,800+ Active Cases per Million,3,"Prince William, Virginia"
51157,Virginia,Rappahannock,11.48851905816,8.716345237919999,-24.1%*,7370.0,1183,800+ Active Cases per Million,3,"Rappahannock, Virginia"
51159,Virginia,Richmond,10.065571462079998,19.972044007439997,+98.4%*,9023.0,2213,800+ Active Cases per Million,3,"Richmond, Virginia"
51161,Virginia,Roanoke,130.34190049320003,115.06446869111998,-11.7%,94186.0,1222,800+ Active Cases per Million,3,"Roanoke, Virginia"
51163,Virginia,Rockbridge,18.9645756888,24.9620560836,+31.6%*,22573.0,1106,800+ Active Cases per Million,3,"Rockbridge, Virginia"
51165,Virginia,Rockingham,116.70318807528,94.15485818615998,-19.3%,81948.0,1149,800+ Active Cases per Million,3,"Rockingham, Virginia"
51167,Virginia,Russell,22.31473467072,26.24550301632,+17.6%*,26586.0,987,800+ Active Cases per Million,3,"Russell, Virginia"
51169,Virginia,Scott,18.90126996096,24.89710720968,+31.7%*,21566.0,1154,800+ Active Cases per Million,3,"Scott, Virginia"
51171,Virginia,Shenandoah,84.29068149336,53.55715791288,-36.5%,43616.0,1228,800+ Active Cases per Million,3,"Shenandoah, Virginia"
51173,Virginia,Smyth,17.276062611839997,44.5795646592,+158.0%*,30104.0,1481,800+ Active Cases per Million,3,"Smyth, Virginia"
51175,Virginia,Southampton,53.895853948079996,51.256670584560005,-4.9%,17631.0,2907,800+ Active Cases per Million,3,"Southampton, Virginia"
51177,Virginia,Spotsylvania,143.80214751624,249.36286814183995,+73.4%,136215.0,1831,800+ Active Cases per Million,3,"Spotsylvania, Virginia"
51179,Virginia,Stafford,152.19747929712,183.6474441156,+20.7%,152882.0,1201,800+ Active Cases per Million,3,"Stafford, Virginia"
51181,Virginia,Surry,8.53150403256,22.12969319208,+159.4%*,6422.0,3446,800+ Active Cases per Million,3,"Surry, Virginia"
51183,Virginia,Sussex,42.88555574904,51.9970201668,+21.2%,11159.0,4660,800+ Active Cases per Million,3,"Sussex, Virginia"
51185,Virginia,Tazewell,28.4804353776,48.228898038480004,+69.3%,40595.0,1188,800+ Active Cases per Million,3,"Tazewell, Virginia"
51187,Virginia,Warren,40.77432427584,50.36213375375999,+23.5%,40164.0,1254,800+ Active Cases per Million,3,"Warren, Virginia"
51191,Virginia,Washington,46.842202729440004,58.06751151767999,+24.0%,53740.0,1081,800+ Active Cases per Million,3,"Washington, Virginia"
51193,Virginia,Westmoreland,97.30110441503999,34.2732642432,-64.8%,18015.0,1902,800+ Active Cases per Million,3,"Westmoreland, Virginia"
51195,Virginia,Wise,32.041748422800005,35.572624704,+11.0%,37383.0,952,800+ Active Cases per Million,3,"Wise, Virginia"
51197,Virginia,Wythe,18.75785372736,46.08507976943999,+145.7%*,28684.0,1607,800+ Active Cases per Million,3,"Wythe, Virginia"
51199,Virginia,York,92.18164939344,140.09572340376002,+52.0%,68280.0,2052,800+ Active Cases per Million,3,"York, Virginia"
51510,Virginia,Alexandria,243.80550338663997,345.71279094216004,+41.8%,159428.0,2168,800+ Active Cases per Million,3,"Alexandria, Virginia"
51520,Virginia,Bristol,14.752462304879998,36.43966349616,+147.0%*,16762.0,2174,800+ Active Cases per Million,3,"Bristol, Virginia"
51530,Virginia,Buena Vista,16.994083668960002,29.591116723919995,+74.1%*,6478.0,4568,800+ Active Cases per Million,3,"Buena Vista, Virginia"
51540,Virginia,Charlottesville,153.0902233416,175.86672017616004,+14.9%,47266.0,3721,800+ Active Cases per Million,3,"Charlottesville, Virginia"
51550,Virginia,Chesapeake,906.8691808543198,970.0059865687198,+7.0%,244835.0,3962,800+ Active Cases per Million,3,"Chesapeake, Virginia"
51570,Virginia,Colonial Heights,27.278189556959997,19.745871431760005,-27.6%,17370.0,1137,800+ Active Cases per Million,3,"Colonial Heights, Virginia"
51590,Virginia,Danville,98.50150469399999,182.90062283352003,+85.7%,40044.0,4567,800+ Active Cases per Million,3,"Danville, Virginia"
51595,Virginia,Emporia,13.098541911599998,20.095535715599997,+53.4%*,5346.0,3759,800+ Active Cases per Million,3,"Emporia, Virginia"
51620,Virginia,Franklin City,44.48560077216,40.9423713996,-8.0%,7967.0,5139,800+ Active Cases per Million,3,"Franklin City, Virginia"
51630,Virginia,Fredericksburg,53.13690664896001,56.483046046799984,+6.3%,29036.0,1945,800+ Active Cases per Million,3,"Fredericksburg, Virginia"
51640,Virginia,Galax,46.688462852639994,34.016584310640006,-27.1%,6347.0,5359,800+ Active Cases per Million,3,"Galax, Virginia"
51650,Virginia,Hampton,410.61416551968006,470.37961400783996,+14.6%,134510.0,3497,800+ Active Cases per Million,3,"Hampton, Virginia"
51660,Virginia,Harrisonburg,75.18281575344,55.261362060719996,-26.5%,53016.0,1042,800+ Active Cases per Million,3,"Harrisonburg, Virginia"
51670,Virginia,Hopewell,56.80473669192,57.72008793359999,+1.6%,22529.0,2562,800+ Active Cases per Million,3,"Hopewell, Virginia"
51678,Virginia,Lexington,13.358078463119998,15.10620954144,+13.1%*,7446.0,2029,800+ Active Cases per Million,3,"Lexington, Virginia"
51680,Virginia,Lynchburg,80.03613230616001,196.00100696855998,+144.9%,82168.0,2385,800+ Active Cases per Million,3,"Lynchburg, Virginia"
51683,Virginia,Manassas,98.10344696112001,130.16980511495998,+32.7%,41085.0,3168,800+ Active Cases per Million,3,"Manassas, Virginia"
51685,Virginia,Manassas Park,38.536761089520006,38.61177241223999,+0.2%,17478.0,2209,800+ Active Cases per Million,3,"Manassas Park, Virginia"
51690,Virginia,Martinsville,68.66759764632,62.72233030896,-8.7%,12554.0,4996,800+ Active Cases per Million,3,"Martinsville, Virginia"
51700,Virginia,Newport News,655.28481180552,891.7391476879201,+36.1%,179225.0,4976,800+ Active Cases per Million,3,"Newport News, Virginia"
51710,Virginia,Norfolk,1438.8944039906403,1623.4810080338398,+12.8%,242742.0,6688,800+ Active Cases per Million,3,"Norfolk, Virginia"
51720,Virginia,Norton,0.11734861008,9.05466817344,+7616.0%*,3981.0,2274,800+ Active Cases per Million,3,"Norton, Virginia"
51730,Virginia,Petersburg,120.91519756872,93.04929923928,-23.0%,31346.0,2968,800+ Active Cases per Million,3,"Petersburg, Virginia"
51735,Virginia,Poquoson,7.4402568336,15.363177815279997,+106.5%*,12271.0,1252,800+ Active Cases per Million,3,"Poquoson, Virginia"
51740,Virginia,Portsmouth,508.4113516056001,702.7294668491999,+38.2%,94398.0,7444,800+ Active Cases per Million,3,"Portsmouth, Virginia"
51760,Virginia,Richmond City,408.14408785511995,465.57208212864003,+14.1%,230436.0,2020,800+ Active Cases per Million,3,"Richmond City, Virginia"
51770,Virginia,Roanoke City,229.32221109312,205.21428183167998,-10.5%,99143.0,2070,800+ Active Cases per Million,3,"Roanoke City, Virginia"
51775,Virginia,Salem,56.25751581624001,39.56530497191999,-29.7%,25301.0,1564,800+ Active Cases per Million,3,"Salem, Virginia"
51790,Virginia,Staunton,51.25803687912,47.09795686871999,-8.1%,24932.0,1889,800+ Active Cases per Million,3,"Staunton, Virginia"
51800,Virginia,Suffolk,339.56720399952,449.11580189928,+32.3%,92108.0,4876,800+ Active Cases per Million,3,"Suffolk, Virginia"
51810,Virginia,Virginia Beach,1630.0911311784,1988.4779376223203,+22.0%,449974.0,4419,800+ Active Cases per Million,3,"Virginia Beach, Virginia"
51820,Virginia,Waynesboro,60.61592332296,59.687681784240006,-1.5%,22630.0,2638,800+ Active Cases per Million,3,"Waynesboro, Virginia"
51830,Virginia,Williamsburg,33.18628433207999,31.59936999408,-4.8%,14954.0,2113,800+ Active Cases per Million,3,"Williamsburg, Virginia"
51840,Virginia,Winchester,56.51998632504,54.37782199320001,-3.8%,28078.0,1937,800+ Active Cases per Million,3,"Winchester, Virginia"
54005,West Virginia,Boone,49.53071104656001,40.764774200160005,-17.7%,21457.0,1900,800+ Active Cases per Million,3,"Boone, West Virginia"
54009,West Virginia,Brooke,29.540534851439997,24.021053077199998,-18.7%,21939.0,1095,800+ Active Cases per Million,3,"Brooke, West Virginia"
54011,West Virginia,Cabell,81.52778971008,101.51728431527998,+24.5%,91945.0,1104,800+ Active Cases per Million,3,"Cabell, West Virginia"
54015,West Virginia,Clay,6.57154359048,7.70514446256,+17.3%*,8508.0,906,800+ Active Cases per Million,3,"Clay, West Virginia"
54019,West Virginia,Fayette,45.392949131280005,39.239971996080016,-13.6%,42406.0,925,800+ Active Cases per Million,3,"Fayette, West Virginia"
54023,West Virginia,Grant,9.38505068448,32.866240207919994,+250.2%*,11568.0,2841,800+ Active Cases per Million,3,"Grant, West Virginia"
54027,West Virginia,Hampshire,4.4887262472,22.68149067576,+405.3%*,23175.0,979,800+ Active Cases per Million,3,"Hampshire, West Virginia"
54029,West Virginia,Hancock,35.03928251688,46.5497476812,+32.9%,28810.0,1616,800+ Active Cases per Million,3,"Hancock, West Virginia"
54033,West Virginia,Harrison,87.81690441887999,58.674188977200004,-33.2%,67256.0,872,800+ Active Cases per Million,3,"Harrison, West Virginia"
54039,West Virginia,Kanawha,227.53300755048002,332.47264928256004,+46.1%,178124.0,1867,800+ Active Cases per Million,3,"Kanawha, West Virginia"
54043,West Virginia,Lincoln,14.733041939040001,49.841277817439995,+238.3%*,20409.0,2442,800+ Active Cases per Million,3,"Lincoln, West Virginia"
54045,West Virginia,Logan,19.06733961,46.380281842079995,+143.2%*,32019.0,1449,800+ Active Cases per Million,3,"Logan, West Virginia"
54049,West Virginia,Marion,74.08378071479999,71.50310431368,-3.5%,56072.0,1275,800+ Active Cases per Million,3,"Marion, West Virginia"
54051,West Virginia,Marshall,49.31165916072,43.63116068616001,-11.5%,30531.0,1429,800+ Active Cases per Million,3,"Marshall, West Virginia"
54057,West Virginia,Mineral,18.11256312672,40.0073477124,+120.9%*,26868.0,1489,800+ Active Cases per Million,3,"Mineral, West Virginia"
54059,West Virginia,Mingo,34.73429305583999,78.41821408272001,+125.8%,23424.0,3348,800+ Active Cases per Million,3,"Mingo, West Virginia"
54061,West Virginia,Monongalia,577.61361383112,469.68394489608005,-18.7%,105612.0,4447,800+ Active Cases per Million,3,"Monongalia, West Virginia"
54069,West Virginia,Ohio,92.10531529800001,130.90489090871998,+42.1%,41411.0,3161,800+ Active Cases per Million,3,"Ohio, West Virginia"
54071,West Virginia,Pendleton,7.497175771679999,17.260774492079996,+130.2%*,6969.0,2477,800+ Active Cases per Million,3,"Pendleton, West Virginia"
54075,West Virginia,Pocahontas,9.30427138392,7.259463168,-22.0%*,8247.0,880,800+ Active Cases per Million,3,"Pocahontas, West Virginia"
54079,West Virginia,Putnam,50.87082491687999,68.94584735664,+35.5%,56450.0,1221,800+ Active Cases per Million,3,"Putnam, West Virginia"
54081,West Virginia,Raleigh,47.411092369680006,73.84685404848,+55.8%,73361.0,1007,800+ Active Cases per Million,3,"Raleigh, West Virginia"
54083,West Virginia,Randolph,42.16711138416,26.22957104928,-37.8%,28695.0,914,800+ Active Cases per Million,3,"Randolph, West Virginia"
54091,West Virginia,Taylor,16.842362638799997,20.509465771200002,+21.8%*,16695.0,1228,800+ Active Cases per Million,3,"Taylor, West Virginia"
54099,West Virginia,Wayne,52.25390522184,64.05013063728,+22.6%,39402.0,1626,800+ Active Cases per Million,3,"Wayne, West Virginia"
54103,West Virginia,Wetzel,30.290231519519995,16.25374464024,-46.3%,15065.0,1079,800+ Active Cases per Million,3,"Wetzel, West Virginia"
50001,Vermont,Addison,4.65216712968,3.6874628284799993,-20.7%*,36777.0,100,<400 Active Cases per Million (VT),4,"Addison, Vermont"
50003,Vermont,Bennington,6.515571211439999,9.3991528068,+44.3%*,35470.0,265,<400 Active Cases per Million (VT),4,"Bennington, Vermont"
50005,Vermont,Caledonia,7.63191884928,4.806841437119999,-37.0%*,29993.0,160,<400 Active Cases per Million (VT),4,"Caledonia, Vermont"
50009,Vermont,Essex,1.73529333288,0.0,-100.0%*,6163.0,0,<400 Active Cases per Million (VT),4,"Essex, Vermont"
50011,Vermont,Franklin,2.3753934732,2.7718181088000002,+16.7%*,49402.0,56,<400 Active Cases per Million (VT),4,"Franklin, Vermont"
50013,Vermont,Grand Isle,5.0912255356800005,1.75281729552,-65.6%*,7235.0,242,<400 Active Cases per Million (VT),4,"Grand Isle, Vermont"
50015,Vermont,Lamoille,13.331815002479999,6.40097995608,-52.0%*,25362.0,252,<400 Active Cases per Million (VT),4,"Lamoille, Vermont"
50017,Vermont,Orange,0.56700393576,1.8069410126399998,+218.7%*,28892.0,63,<400 Active Cases per Million (VT),4,"Orange, Vermont"
50019,Vermont,Orleans,0.03396924648,0.0,-100.0%*,27037.0,0,<400 Active Cases per Million (VT),4,"Orleans, Vermont"
50021,Vermont,Rutland,7.679303070479999,5.44268391384,-29.1%*,58191.0,94,<400 Active Cases per Million (VT),4,"Rutland, Vermont"
50023,Vermont,Washington,4.27226126448,2.9968991656799995,-29.9%*,58409.0,51,<400 Active Cases per Million (VT),4,"Washington, Vermont"
50025,Vermont,Windham,3.80852444376,2.73373351464,-28.2%*,42222.0,65,<400 Active Cases per Million (VT),4,"Windham, Vermont"
50027,Vermont,Windsor,8.309530324799999,12.639009352319997,+52.1%*,55062.0,230,<400 Active Cases per Million (VT),4,"Windsor, Vermont"
50007,Vermont,Chittenden,80.56209186936,90.99275842464,+12.9%,163774.0,556,400-799 Active Cases per Million (VT),5,"Chittenden, Vermont"
